{
  "id": "",
  "name": "",
  "font_family": "iconfont",
  "css_prefix_text": "icon-",
  "description": "",
  "glyphs": [
    {
      "icon_id": "15093683",
      "name": "打印",
      "font_class": "dayin",
      "unicode": "e61c",
      "unicode_decimal": 58908
    },
    {
      "icon_id": "15093684",
      "name": "相机",
      "font_class": "xiangji",
      "unicode": "e61d",
      "unicode_decimal": 58909
    },
    {
      "icon_id": "15093685",
      "name": "摄像",
      "font_class": "shexiang",
      "unicode": "e61e",
      "unicode_decimal": 58910
    },
    {
      "icon_id": "15093686",
      "name": "删除",
      "font_class": "shanchu",
      "unicode": "e61f",
      "unicode_decimal": 58911
    },
    {
      "icon_id": "15093687",
      "name": "解密",
      "font_class": "jiemi",
      "unicode": "e620",
      "unicode_decimal": 58912
    },
    {
      "icon_id": "15093688",
      "name": "信息",
      "font_class": "xinxi",
      "unicode": "e621",
      "unicode_decimal": 58913
    },
    {
      "icon_id": "15093689",
      "name": "主页",
      "font_class": "zhuye",
      "unicode": "e622",
      "unicode_decimal": 58914
    },
    {
      "icon_id": "15093691",
      "name": "加密",
      "font_class": "jiami",
      "unicode": "e623",
      "unicode_decimal": 58915
    },
    {
      "icon_id": "15093731",
      "name": "设置",
      "font_class": "shezhi",
      "unicode": "e624",
      "unicode_decimal": 58916
    },
    {
      "icon_id": "15093732",
      "name": "我的",
      "font_class": "wode",
      "unicode": "e625",
      "unicode_decimal": 58917
    },
    {
      "icon_id": "15093733",
      "name": "添加",
      "font_class": "tianjia",
      "unicode": "e626",
      "unicode_decimal": 58918
    },
    {
      "icon_id": "15093734",
      "name": "电话",
      "font_class": "dianhua",
      "unicode": "e627",
      "unicode_decimal": 58919
    },
    {
      "icon_id": "15093735",
      "name": "星星",
      "font_class": "xingxing",
      "unicode": "e628",
      "unicode_decimal": 58920
    },
    {
      "icon_id": "15093736",
      "name": "学士帽",
      "font_class": "xueshimao",
      "unicode": "e629",
      "unicode_decimal": 58921
    },
    {
      "icon_id": "15093737",
      "name": "购物车",
      "font_class": "gouwuche",
      "unicode": "e62a",
      "unicode_decimal": 58922
    },
    {
      "icon_id": "15093738",
      "name": "消息",
      "font_class": "xiaoxi",
      "unicode": "e62b",
      "unicode_decimal": 58923
    },
    {
      "icon_id": "15093739",
      "name": "收藏",
      "font_class": "shoucang",
      "unicode": "e62c",
      "unicode_decimal": 58924
    },
    {
      "icon_id": "15093740",
      "name": "图库",
      "font_class": "tuku",
      "unicode": "e62d",
      "unicode_decimal": 58925
    },
    {
      "icon_id": "15093741",
      "name": "定位",
      "font_class": "dingwei",
      "unicode": "e62e",
      "unicode_decimal": 58926
    }
  ]
}
